{
  "batch_id": "batch_002",
  "timestamp": "2025-10-31T23:04:38.368473",
  "worktree": null,
  "contacts_processed": 20,
  "contacts_found": 10,
  "total_cost": 0.0,
  "agent_performance": {
    "ProfessionalNetworker": {
      "attempts": 20,
      "successes": 15,
      "total_confidence": 1449.0
    },
    "AcademicResearcher": {
      "attempts": 20,
      "successes": 0,
      "total_confidence": 0.0
    },
    "IntelAnalyst": {
      "attempts": 20,
      "successes": 0,
      "total_confidence": 0.0
    },
    "InvestigativeJournalist": {
      "attempts": 20,
      "successes": 3,
      "total_confidence": 952.0
    },
    "RecruiterUser": {
      "attempts": 20,
      "successes": 1,
      "total_confidence": 672.0
    },
    "SocialEngineer": {
      "attempts": 20,
      "successes": 2,
      "total_confidence": 1227.0
    }
  },
  "results": [
    {
      "contact": {
        "first_name": "Pat",
        "last_name": "Gelsinger",
        "organization": "Playground Global",
        "role_title": "General Partner",
        "context": "Former Intel CEO focused on quantum computing (PsiQuantum) and next-generation chip design for AI era."
      },
      "agent_results": [
        {
          "agent": "ProfessionalNetworker",
          "confidence": 72,
          "contact_info": {
            "email_patterns": [],
            "linkedin_url": "https://linkedin.com/in/pat-gelsinger",
            "source": "pattern_generation"
          },
          "weight": 1.0,
          "tier": "baseline"
        },
        {
          "agent": "AcademicResearcher",
          "confidence": 0,
          "contact_info": {
            "source": "not_applicable"
          },
          "weight": 0.0,
          "tier": "specialist"
        },
        {
          "agent": "IntelAnalyst",
          "confidence": 0,
          "contact_info": {
            "source": "not_public_company"
          },
          "weight": 0.0,
          "tier": "specialist"
        },
        {
          "agent": "InvestigativeJournalist",
          "confidence": 37,
          "contact_info": {
            "source": "no_hidden_contacts_found"
          },
          "weight": 0.0,
          "tier": "exploratory"
        },
        {
          "agent": "RecruiterUser",
          "confidence": 35,
          "contact_info": {
            "source": "no_tech_community_presence"
          },
          "weight": 0.0,
          "tier": "exploratory"
        },
        {
          "agent": "SocialEngineer",
          "confidence": 56,
          "contact_info": {
            "department_email": "general@",
            "general_contact": "info@",
            "source": "organizational_intelligence",
            "note": "Alternative contact paths identified"
          },
          "weight": 0.5,
          "tier": "exploratory"
        }
      ],
      "weighted_confidence": 66.66666666666667,
      "google_invoked": false,
      "google_boost": 0.0,
      "final_confidence": 66.66666666666667,
      "best_contact_info": {
        "email_patterns": [],
        "linkedin_url": "https://linkedin.com/in/pat-gelsinger",
        "source": "pattern_generation"
      },
      "cost": 0.0,
      "decision": "Free agents sufficient (saved $0.0050)"
    },
    {
      "contact": {
        "first_name": "Andrew",
        "last_name": "Feldman",
        "organization": "Cerebras Systems",
        "role_title": "Co-Founder & CEO",
        "context": "Builds world's largest AI chips and needs coordination infrastructure to scale AI systems toward quantum-AI hybrid architectures."
      },
      "agent_results": [
        {
          "agent": "ProfessionalNetworker",
          "confidence": 71,
          "contact_info": {
            "email_patterns": [],
            "linkedin_url": "https://linkedin.com/in/andrew-feldman",
            "source": "pattern_generation"
          },
          "weight": 1.0,
          "tier": "baseline"
        },
        {
          "agent": "AcademicResearcher",
          "confidence": 0,
          "contact_info": {
            "source": "not_applicable"
          },
          "weight": 0.0,
          "tier": "specialist"
        },
        {
          "agent": "IntelAnalyst",
          "confidence": 0,
          "contact_info": {
            "source": "not_public_company"
          },
          "weight": 0.0,
          "tier": "specialist"
        },
        {
          "agent": "InvestigativeJournalist",
          "confidence": 44,
          "contact_info": {
            "source": "no_hidden_contacts_found"
          },
          "weight": 0.0,
          "tier": "exploratory"
        },
        {
          "agent": "RecruiterUser",
          "confidence": 35,
          "contact_info": {
            "source": "no_tech_community_presence"
          },
          "weight": 0.0,
          "tier": "exploratory"
        },
        {
          "agent": "SocialEngineer",
          "confidence": 74,
          "contact_info": {
            "department_email": "co-founder@",
            "general_contact": "info@",
            "source": "organizational_intelligence",
            "note": "Alternative contact paths identified"
          },
          "weight": 1.2,
          "tier": "exploratory"
        }
      ],
      "weighted_confidence": 72.63636363636364,
      "google_invoked": false,
      "google_boost": 0.0,
      "final_confidence": 72.63636363636364,
      "best_contact_info": {
        "department_email": "co-founder@",
        "general_contact": "info@",
        "source": "organizational_intelligence",
        "note": "Alternative contact paths identified"
      },
      "cost": 0.0,
      "decision": "Free agents sufficient (saved $0.0050)"
    },
    {
      "contact": {
        "first_name": "Neema",
        "last_name": "Raphael",
        "organization": "Goldman Sachs",
        "role_title": "Chief Data Officer & Head of Data Engineering",
        "context": "Oversees data strategy and emerging technology including digital assets and AI where quantum computing integration will be critical for future infrastructure."
      },
      "agent_results": [
        {
          "agent": "ProfessionalNetworker",
          "confidence": 74,
          "contact_info": {
            "email_patterns": [],
            "linkedin_url": "https://linkedin.com/in/neema-raphael",
            "source": "pattern_generation"
          },
          "weight": 1.0,
          "tier": "baseline"
        },
        {
          "agent": "AcademicResearcher",
          "confidence": 0,
          "contact_info": {
            "source": "not_applicable"
          },
          "weight": 0.0,
          "tier": "specialist"
        },
        {
          "agent": "IntelAnalyst",
          "confidence": 0,
          "contact_info": {
            "source": "not_public_company"
          },
          "weight": 0.0,
          "tier": "specialist"
        },
        {
          "agent": "InvestigativeJournalist",
          "confidence": 36,
          "contact_info": {
            "source": "no_hidden_contacts_found"
          },
          "weight": 0.0,
          "tier": "exploratory"
        },
        {
          "agent": "RecruiterUser",
          "confidence": 83,
          "contact_info": {
            "github": "https://github.com/NeemaR",
            "stackoverflow": "https://stackoverflow.com/users/Neema",
            "source": "tech_community"
          },
          "weight": 1.3,
          "tier": "exploratory"
        },
        {
          "agent": "SocialEngineer",
          "confidence": 68,
          "contact_info": {
            "department_email": "chief@",
            "general_contact": "info@",
            "source": "organizational_intelligence",
            "note": "Alternative contact paths identified"
          },
          "weight": 0.5,
          "tier": "exploratory"
        }
      ],
      "weighted_confidence": 77.10714285714286,
      "google_invoked": false,
      "google_boost": 0.0,
      "final_confidence": 77.10714285714286,
      "best_contact_info": {
        "github": "https://github.com/NeemaR",
        "stackoverflow": "https://stackoverflow.com/users/Neema",
        "source": "tech_community"
      },
      "cost": 0.0,
      "decision": "Free agents sufficient (saved $0.0050)"
    },
    {
      "contact": {
        "first_name": "Josh",
        "last_name": "Wolfe",
        "organization": "Lux Capital",
        "role_title": "Co-Founder & Managing Partner",
        "context": "Invests in frontier science solving vexing puzzles and backs quantum computing infrastructure companies like Rigetti Computing."
      },
      "agent_results": [
        {
          "agent": "ProfessionalNetworker",
          "confidence": 80,
          "contact_info": {
            "email_patterns": [],
            "linkedin_url": "https://linkedin.com/in/josh-wolfe",
            "source": "pattern_generation"
          },
          "weight": 1.0,
          "tier": "baseline"
        },
        {
          "agent": "AcademicResearcher",
          "confidence": 0,
          "contact_info": {
            "source": "not_applicable"
          },
          "weight": 0.0,
          "tier": "specialist"
        },
        {
          "agent": "IntelAnalyst",
          "confidence": 0,
          "contact_info": {
            "source": "not_public_company"
          },
          "weight": 0.0,
          "tier": "specialist"
        },
        {
          "agent": "InvestigativeJournalist",
          "confidence": 43,
          "contact_info": {
            "source": "no_hidden_contacts_found"
          },
          "weight": 0.0,
          "tier": "exploratory"
        },
        {
          "agent": "RecruiterUser",
          "confidence": 27,
          "contact_info": {
            "source": "no_tech_community_presence"
          },
          "weight": 0.0,
          "tier": "exploratory"
        },
        {
          "agent": "SocialEngineer",
          "confidence": 75,
          "contact_info": {
            "department_email": "co-founder@",
            "general_contact": "info@",
            "source": "organizational_intelligence",
            "note": "Alternative contact paths identified"
          },
          "weight": 1.2,
          "tier": "exploratory"
        }
      ],
      "weighted_confidence": 77.27272727272727,
      "google_invoked": false,
      "google_boost": 0.0,
      "final_confidence": 77.27272727272727,
      "best_contact_info": {
        "email_patterns": [],
        "linkedin_url": "https://linkedin.com/in/josh-wolfe",
        "source": "pattern_generation"
      },
      "cost": 0.0,
      "decision": "Free agents sufficient (saved $0.0050)"
    },
    {
      "contact": {
        "first_name": "Gr\u00e9goire",
        "last_name": "Ribordy",
        "organization": "ID Quantique (IonQ)",
        "role_title": "CEO & Co-founder",
        "context": "Leads pioneer in QKD solutions now part of IonQ's quantum networking ecosystem requiring coordination infrastructure for quantum-AI integration."
      },
      "agent_results": [
        {
          "agent": "ProfessionalNetworker",
          "confidence": 67,
          "contact_info": {
            "email_patterns": [],
            "linkedin_url": "https://linkedin.com/in/gr\u00e9goire-ribordy",
            "source": "pattern_generation"
          },
          "weight": 1.0,
          "tier": "baseline"
        },
        {
          "agent": "AcademicResearcher",
          "confidence": 0,
          "contact_info": {
            "source": "not_applicable"
          },
          "weight": 0.0,
          "tier": "specialist"
        },
        {
          "agent": "IntelAnalyst",
          "confidence": 0,
          "contact_info": {
            "source": "not_public_company"
          },
          "weight": 0.0,
          "tier": "specialist"
        },
        {
          "agent": "InvestigativeJournalist",
          "confidence": 39,
          "contact_info": {
            "source": "no_hidden_contacts_found"
          },
          "weight": 0.0,
          "tier": "exploratory"
        },
        {
          "agent": "RecruiterUser",
          "confidence": 33,
          "contact_info": {
            "source": "no_tech_community_presence"
          },
          "weight": 0.0,
          "tier": "exploratory"
        },
        {
          "agent": "SocialEngineer",
          "confidence": 61,
          "contact_info": {
            "department_email": "ceo@",
            "general_contact": "info@",
            "source": "organizational_intelligence",
            "note": "Alternative contact paths identified"
          },
          "weight": 0.5,
          "tier": "exploratory"
        }
      ],
      "weighted_confidence": 65.0,
      "google_invoked": false,
      "google_boost": 0.0,
      "final_confidence": 65.0,
      "best_contact_info": {
        "email_patterns": [],
        "linkedin_url": "https://linkedin.com/in/gr\u00e9goire-ribordy",
        "source": "pattern_generation"
      },
      "cost": 0.0,
      "decision": "Free agents sufficient (saved $0.0050)"
    },
    {
      "contact": {
        "first_name": "Berta",
        "last_name": "Rodriguez-Hervas",
        "organization": "Pfizer",
        "role_title": "Chief AI and Analytics Officer",
        "context": "Former Nvidia AI leader now accelerating drug discovery and clinical development with AI where quantum-AI convergence could revolutionize molecular modeling."
      },
      "agent_results": [
        {
          "agent": "ProfessionalNetworker",
          "confidence": 75,
          "contact_info": {
            "email_patterns": [],
            "linkedin_url": "https://linkedin.com/in/berta-rodriguez-hervas",
            "source": "pattern_generation"
          },
          "weight": 1.0,
          "tier": "baseline"
        },
        {
          "agent": "AcademicResearcher",
          "confidence": 0,
          "contact_info": {
            "source": "not_applicable"
          },
          "weight": 0.0,
          "tier": "specialist"
        },
        {
          "agent": "IntelAnalyst",
          "confidence": 0,
          "contact_info": {
            "source": "not_public_company"
          },
          "weight": 0.0,
          "tier": "specialist"
        },
        {
          "agent": "InvestigativeJournalist",
          "confidence": 36,
          "contact_info": {
            "source": "no_hidden_contacts_found"
          },
          "weight": 0.0,
          "tier": "exploratory"
        },
        {
          "agent": "RecruiterUser",
          "confidence": 27,
          "contact_info": {
            "source": "no_tech_community_presence"
          },
          "weight": 0.0,
          "tier": "exploratory"
        },
        {
          "agent": "SocialEngineer",
          "confidence": 56,
          "contact_info": {
            "department_email": "chief@",
            "general_contact": "info@",
            "source": "organizational_intelligence",
            "note": "Alternative contact paths identified"
          },
          "weight": 0.5,
          "tier": "exploratory"
        }
      ],
      "weighted_confidence": 68.66666666666667,
      "google_invoked": false,
      "google_boost": 0.0,
      "final_confidence": 68.66666666666667,
      "best_contact_info": {
        "email_patterns": [],
        "linkedin_url": "https://linkedin.com/in/berta-rodriguez-hervas",
        "source": "pattern_generation"
      },
      "cost": 0.0,
      "decision": "Free agents sufficient (saved $0.0050)"
    },
    {
      "contact": {
        "first_name": "Zachary",
        "last_name": "Bogue",
        "organization": "DCVC",
        "role_title": "Co-Founder & Managing Partner",
        "context": "Leads deep tech investments at intersection of transformative technology including quantum computing platforms."
      },
      "agent_results": [
        {
          "agent": "ProfessionalNetworker",
          "confidence": 70,
          "contact_info": {
            "email_patterns": [],
            "linkedin_url": "https://linkedin.com/in/zachary-bogue",
            "source": "pattern_generation"
          },
          "weight": 1.0,
          "tier": "baseline"
        },
        {
          "agent": "AcademicResearcher",
          "confidence": 0,
          "contact_info": {
            "source": "not_applicable"
          },
          "weight": 0.0,
          "tier": "specialist"
        },
        {
          "agent": "IntelAnalyst",
          "confidence": 0,
          "contact_info": {
            "source": "not_public_company"
          },
          "weight": 0.0,
          "tier": "specialist"
        },
        {
          "agent": "InvestigativeJournalist",
          "confidence": 36,
          "contact_info": {
            "source": "no_hidden_contacts_found"
          },
          "weight": 0.0,
          "tier": "exploratory"
        },
        {
          "agent": "RecruiterUser",
          "confidence": 28,
          "contact_info": {
            "source": "no_tech_community_presence"
          },
          "weight": 0.0,
          "tier": "exploratory"
        },
        {
          "agent": "SocialEngineer",
          "confidence": 60,
          "contact_info": {
            "department_email": "co-founder@",
            "general_contact": "info@",
            "source": "organizational_intelligence",
            "note": "Alternative contact paths identified"
          },
          "weight": 0.5,
          "tier": "exploratory"
        }
      ],
      "weighted_confidence": 66.66666666666667,
      "google_invoked": false,
      "google_boost": 0.0,
      "final_confidence": 66.66666666666667,
      "best_contact_info": {
        "email_patterns": [],
        "linkedin_url": "https://linkedin.com/in/zachary-bogue",
        "source": "pattern_generation"
      },
      "cost": 0.0,
      "decision": "Free agents sufficient (saved $0.0050)"
    },
    {
      "contact": {
        "first_name": "Elham",
        "last_name": "Tabassi",
        "organization": "Brookings Institution",
        "role_title": "Director of AI & Emerging Technology Initiative and Senior Fellow",
        "context": "Led NIST's AI Risk Management Framework and now shapes policy research on AI governance and quantum-AI convergence at global scale."
      },
      "agent_results": [
        {
          "agent": "ProfessionalNetworker",
          "confidence": 73,
          "contact_info": {
            "email_patterns": [],
            "linkedin_url": "https://linkedin.com/in/elham-tabassi",
            "source": "pattern_generation"
          },
          "weight": 1.0,
          "tier": "baseline"
        },
        {
          "agent": "AcademicResearcher",
          "confidence": 0,
          "contact_info": {
            "source": "not_applicable"
          },
          "weight": 0.0,
          "tier": "specialist"
        },
        {
          "agent": "IntelAnalyst",
          "confidence": 0,
          "contact_info": {
            "source": "not_public_company"
          },
          "weight": 0.0,
          "tier": "specialist"
        },
        {
          "agent": "InvestigativeJournalist",
          "confidence": 44,
          "contact_info": {
            "source": "no_hidden_contacts_found"
          },
          "weight": 0.0,
          "tier": "exploratory"
        },
        {
          "agent": "RecruiterUser",
          "confidence": 30,
          "contact_info": {
            "source": "no_tech_community_presence"
          },
          "weight": 0.0,
          "tier": "exploratory"
        },
        {
          "agent": "SocialEngineer",
          "confidence": 69,
          "contact_info": {
            "department_email": "director@",
            "general_contact": "info@",
            "source": "organizational_intelligence",
            "note": "Alternative contact paths identified"
          },
          "weight": 0.5,
          "tier": "exploratory"
        }
      ],
      "weighted_confidence": 71.66666666666667,
      "google_invoked": false,
      "google_boost": 0.0,
      "final_confidence": 71.66666666666667,
      "best_contact_info": {
        "email_patterns": [],
        "linkedin_url": "https://linkedin.com/in/elham-tabassi",
        "source": "pattern_generation"
      },
      "cost": 0.0,
      "decision": "Free agents sufficient (saved $0.0050)"
    },
    {
      "contact": {
        "first_name": "Sid",
        "last_name": "Sheth",
        "organization": "d-Matrix",
        "role_title": "Founder & CEO",
        "context": "Building AI inference compute platform that requires sophisticated coordination infrastructure for quantum-AI hybrid systems."
      },
      "agent_results": [
        {
          "agent": "ProfessionalNetworker",
          "confidence": 74,
          "contact_info": {
            "email_patterns": [],
            "linkedin_url": "https://linkedin.com/in/sid-sheth",
            "source": "pattern_generation"
          },
          "weight": 1.0,
          "tier": "baseline"
        },
        {
          "agent": "AcademicResearcher",
          "confidence": 0,
          "contact_info": {
            "source": "not_applicable"
          },
          "weight": 0.0,
          "tier": "specialist"
        },
        {
          "agent": "IntelAnalyst",
          "confidence": 0,
          "contact_info": {
            "source": "not_public_company"
          },
          "weight": 0.0,
          "tier": "specialist"
        },
        {
          "agent": "InvestigativeJournalist",
          "confidence": 42,
          "contact_info": {
            "source": "no_hidden_contacts_found"
          },
          "weight": 0.0,
          "tier": "exploratory"
        },
        {
          "agent": "RecruiterUser",
          "confidence": 26,
          "contact_info": {
            "source": "no_tech_community_presence"
          },
          "weight": 0.0,
          "tier": "exploratory"
        },
        {
          "agent": "SocialEngineer",
          "confidence": 55,
          "contact_info": {
            "department_email": "founder@",
            "general_contact": "info@",
            "source": "organizational_intelligence",
            "note": "Alternative contact paths identified"
          },
          "weight": 0.5,
          "tier": "exploratory"
        }
      ],
      "weighted_confidence": 67.66666666666667,
      "google_invoked": false,
      "google_boost": 0.0,
      "final_confidence": 67.66666666666667,
      "best_contact_info": {
        "email_patterns": [],
        "linkedin_url": "https://linkedin.com/in/sid-sheth",
        "source": "pattern_generation"
      },
      "cost": 0.0,
      "decision": "Free agents sufficient (saved $0.0050)"
    },
    {
      "contact": {
        "first_name": "Steve",
        "last_name": "Bowsher",
        "organization": "In-Q-Tel",
        "role_title": "President & CEO",
        "context": "Leads IC's venture arm investing in quantum and AI startups; bridges commercial innovation to intelligence community needs."
      },
      "agent_results": [
        {
          "agent": "ProfessionalNetworker",
          "confidence": 67,
          "contact_info": {
            "email_patterns": [],
            "linkedin_url": "https://linkedin.com/in/steve-bowsher",
            "source": "pattern_generation"
          },
          "weight": 1.0,
          "tier": "baseline"
        },
        {
          "agent": "AcademicResearcher",
          "confidence": 0,
          "contact_info": {
            "source": "not_applicable"
          },
          "weight": 0.0,
          "tier": "specialist"
        },
        {
          "agent": "IntelAnalyst",
          "confidence": 0,
          "contact_info": {
            "source": "not_public_company"
          },
          "weight": 0.0,
          "tier": "specialist"
        },
        {
          "agent": "InvestigativeJournalist",
          "confidence": 41,
          "contact_info": {
            "source": "no_hidden_contacts_found"
          },
          "weight": 0.0,
          "tier": "exploratory"
        },
        {
          "agent": "RecruiterUser",
          "confidence": 29,
          "contact_info": {
            "source": "no_tech_community_presence"
          },
          "weight": 0.0,
          "tier": "exploratory"
        },
        {
          "agent": "SocialEngineer",
          "confidence": 50,
          "contact_info": {
            "department_email": "president@",
            "general_contact": "info@",
            "source": "organizational_intelligence",
            "note": "Alternative contact paths identified"
          },
          "weight": 0.5,
          "tier": "exploratory"
        }
      ],
      "weighted_confidence": 61.333333333333336,
      "google_invoked": false,
      "google_boost": 0.0,
      "final_confidence": 61.333333333333336,
      "best_contact_info": {
        "email_patterns": [],
        "linkedin_url": "https://linkedin.com/in/steve-bowsher",
        "source": "pattern_generation"
      },
      "cost": 0.0,
      "decision": "Free agents sufficient (saved $0.0050)"
    },
    {
      "contact": {
        "first_name": "Dan",
        "last_name": "Priest",
        "organization": "PwC",
        "role_title": "Chief AI Officer US",
        "context": "Leading $1B AI investment to transform client services and internal operations where quantum-AI coordination could differentiate consulting offerings."
      },
      "agent_results": [
        {
          "agent": "ProfessionalNetworker",
          "confidence": 80,
          "contact_info": {
            "email_patterns": [],
            "linkedin_url": "https://linkedin.com/in/dan-priest",
            "source": "pattern_generation"
          },
          "weight": 1.0,
          "tier": "baseline"
        },
        {
          "agent": "AcademicResearcher",
          "confidence": 0,
          "contact_info": {
            "source": "not_applicable"
          },
          "weight": 0.0,
          "tier": "specialist"
        },
        {
          "agent": "IntelAnalyst",
          "confidence": 0,
          "contact_info": {
            "source": "not_public_company"
          },
          "weight": 0.0,
          "tier": "specialist"
        },
        {
          "agent": "InvestigativeJournalist",
          "confidence": 93,
          "contact_info": {
            "found_in": "conference_speaker_pdf",
            "direct_email": "Dan.Priest@example.com",
            "source": "pdf_mining",
            "note": "Found in archived conference materials"
          },
          "weight": 2.0,
          "tier": "exploratory"
        },
        {
          "agent": "RecruiterUser",
          "confidence": 33,
          "contact_info": {
            "source": "no_tech_community_presence"
          },
          "weight": 0.0,
          "tier": "exploratory"
        },
        {
          "agent": "SocialEngineer",
          "confidence": 58,
          "contact_info": {
            "department_email": "chief@",
            "general_contact": "info@",
            "source": "organizational_intelligence",
            "note": "Alternative contact paths identified"
          },
          "weight": 0.5,
          "tier": "exploratory"
        }
      ],
      "weighted_confidence": 84.28571428571429,
      "google_invoked": false,
      "google_boost": 0.0,
      "final_confidence": 84.28571428571429,
      "best_contact_info": {
        "found_in": "conference_speaker_pdf",
        "direct_email": "Dan.Priest@example.com",
        "source": "pdf_mining",
        "note": "Found in archived conference materials"
      },
      "cost": 0.0,
      "decision": "Free agents sufficient (saved $0.0050)"
    },
    {
      "contact": {
        "first_name": "Martin",
        "last_name": "Casado",
        "organization": "Andreessen Horowitz",
        "role_title": "General Partner",
        "context": "Leads a16z's $1.25B infrastructure practice and pioneered software-defined networking paradigm shifts."
      },
      "agent_results": [
        {
          "agent": "ProfessionalNetworker",
          "confidence": 72,
          "contact_info": {
            "email_patterns": [],
            "linkedin_url": "https://linkedin.com/in/martin-casado",
            "source": "pattern_generation"
          },
          "weight": 1.0,
          "tier": "baseline"
        },
        {
          "agent": "AcademicResearcher",
          "confidence": 0,
          "contact_info": {
            "source": "not_applicable"
          },
          "weight": 0.0,
          "tier": "specialist"
        },
        {
          "agent": "IntelAnalyst",
          "confidence": 0,
          "contact_info": {
            "source": "not_public_company"
          },
          "weight": 0.0,
          "tier": "specialist"
        },
        {
          "agent": "InvestigativeJournalist",
          "confidence": 41,
          "contact_info": {
            "source": "no_hidden_contacts_found"
          },
          "weight": 0.0,
          "tier": "exploratory"
        },
        {
          "agent": "RecruiterUser",
          "confidence": 33,
          "contact_info": {
            "source": "no_tech_community_presence"
          },
          "weight": 0.0,
          "tier": "exploratory"
        },
        {
          "agent": "SocialEngineer",
          "confidence": 52,
          "contact_info": {
            "department_email": "general@",
            "general_contact": "info@",
            "source": "organizational_intelligence",
            "note": "Alternative contact paths identified"
          },
          "weight": 0.5,
          "tier": "exploratory"
        }
      ],
      "weighted_confidence": 65.33333333333333,
      "google_invoked": false,
      "google_boost": 0.0,
      "final_confidence": 65.33333333333333,
      "best_contact_info": {
        "email_patterns": [],
        "linkedin_url": "https://linkedin.com/in/martin-casado",
        "source": "pattern_generation"
      },
      "cost": 0.0,
      "decision": "Free agents sufficient (saved $0.0050)"
    },
    {
      "contact": {
        "first_name": "Jordan",
        "last_name": "Shapiro",
        "organization": "IonQ",
        "role_title": "President & GM - Quantum Networking",
        "context": "Oversees IonQ's quantum networking division building critical quantum internet infrastructure that needs AI-quantum coordination capabilities."
      },
      "agent_results": [
        {
          "agent": "ProfessionalNetworker",
          "confidence": 76,
          "contact_info": {
            "email_patterns": [],
            "linkedin_url": "https://linkedin.com/in/jordan-shapiro",
            "source": "pattern_generation"
          },
          "weight": 1.0,
          "tier": "baseline"
        },
        {
          "agent": "AcademicResearcher",
          "confidence": 0,
          "contact_info": {
            "source": "not_applicable"
          },
          "weight": 0.0,
          "tier": "specialist"
        },
        {
          "agent": "IntelAnalyst",
          "confidence": 0,
          "contact_info": {
            "source": "not_public_company"
          },
          "weight": 0.0,
          "tier": "specialist"
        },
        {
          "agent": "InvestigativeJournalist",
          "confidence": 38,
          "contact_info": {
            "source": "no_hidden_contacts_found"
          },
          "weight": 0.0,
          "tier": "exploratory"
        },
        {
          "agent": "RecruiterUser",
          "confidence": 30,
          "contact_info": {
            "source": "no_tech_community_presence"
          },
          "weight": 0.0,
          "tier": "exploratory"
        },
        {
          "agent": "SocialEngineer",
          "confidence": 67,
          "contact_info": {
            "department_email": "president@",
            "general_contact": "info@",
            "source": "organizational_intelligence",
            "note": "Alternative contact paths identified"
          },
          "weight": 0.5,
          "tier": "exploratory"
        }
      ],
      "weighted_confidence": 73.0,
      "google_invoked": false,
      "google_boost": 0.0,
      "final_confidence": 73.0,
      "best_contact_info": {
        "email_patterns": [],
        "linkedin_url": "https://linkedin.com/in/jordan-shapiro",
        "source": "pattern_generation"
      },
      "cost": 0.0,
      "decision": "Free agents sufficient (saved $0.0050)"
    },
    {
      "contact": {
        "first_name": "Elizabeth",
        "last_name": "Kelly",
        "organization": "NIST U.S. AI Safety Institute",
        "role_title": "Director",
        "context": "Leads federal AI safety standards and testing critical for quantum-AI convergence infrastructure coordination."
      },
      "agent_results": [
        {
          "agent": "ProfessionalNetworker",
          "confidence": 68,
          "contact_info": {
            "email_patterns": [],
            "linkedin_url": "https://linkedin.com/in/elizabeth-kelly",
            "source": "pattern_generation"
          },
          "weight": 1.0,
          "tier": "baseline"
        },
        {
          "agent": "AcademicResearcher",
          "confidence": 0,
          "contact_info": {
            "source": "not_applicable"
          },
          "weight": 0.0,
          "tier": "specialist"
        },
        {
          "agent": "IntelAnalyst",
          "confidence": 0,
          "contact_info": {
            "source": "not_public_company"
          },
          "weight": 0.0,
          "tier": "specialist"
        },
        {
          "agent": "InvestigativeJournalist",
          "confidence": 91,
          "contact_info": {
            "found_in": "conference_speaker_pdf",
            "direct_email": "Elizabeth.Kelly@example.com",
            "source": "pdf_mining",
            "note": "Found in archived conference materials"
          },
          "weight": 2.0,
          "tier": "exploratory"
        },
        {
          "agent": "RecruiterUser",
          "confidence": 35,
          "contact_info": {
            "source": "no_tech_community_presence"
          },
          "weight": 0.0,
          "tier": "exploratory"
        },
        {
          "agent": "SocialEngineer",
          "confidence": 68,
          "contact_info": {
            "department_email": "director@",
            "general_contact": "info@",
            "source": "organizational_intelligence",
            "note": "Alternative contact paths identified"
          },
          "weight": 0.5,
          "tier": "exploratory"
        }
      ],
      "weighted_confidence": 81.14285714285714,
      "google_invoked": false,
      "google_boost": 0.0,
      "final_confidence": 81.14285714285714,
      "best_contact_info": {
        "found_in": "conference_speaker_pdf",
        "direct_email": "Elizabeth.Kelly@example.com",
        "source": "pdf_mining",
        "note": "Found in archived conference materials"
      },
      "cost": 0.0,
      "decision": "Free agents sufficient (saved $0.0050)"
    },
    {
      "contact": {
        "first_name": "Brian",
        "last_name": "Kursar",
        "organization": "Toyota Motor North America",
        "role_title": "Group VP & Head of AI",
        "context": "Leading Toyota's North American AI strategy and Global AI Accelerator where quantum-AI infrastructure is critical for autonomous vehicle development."
      },
      "agent_results": [
        {
          "agent": "ProfessionalNetworker",
          "confidence": 77,
          "contact_info": {
            "email_patterns": [],
            "linkedin_url": "https://linkedin.com/in/brian-kursar",
            "source": "pattern_generation"
          },
          "weight": 1.0,
          "tier": "baseline"
        },
        {
          "agent": "AcademicResearcher",
          "confidence": 0,
          "contact_info": {
            "source": "not_applicable"
          },
          "weight": 0.0,
          "tier": "specialist"
        },
        {
          "agent": "IntelAnalyst",
          "confidence": 0,
          "contact_info": {
            "source": "not_public_company"
          },
          "weight": 0.0,
          "tier": "specialist"
        },
        {
          "agent": "InvestigativeJournalist",
          "confidence": 40,
          "contact_info": {
            "source": "no_hidden_contacts_found"
          },
          "weight": 0.0,
          "tier": "exploratory"
        },
        {
          "agent": "RecruiterUser",
          "confidence": 34,
          "contact_info": {
            "source": "no_tech_community_presence"
          },
          "weight": 0.0,
          "tier": "exploratory"
        },
        {
          "agent": "SocialEngineer",
          "confidence": 63,
          "contact_info": {
            "department_email": "group@",
            "general_contact": "info@",
            "source": "organizational_intelligence",
            "note": "Alternative contact paths identified"
          },
          "weight": 0.5,
          "tier": "exploratory"
        }
      ],
      "weighted_confidence": 72.33333333333333,
      "google_invoked": false,
      "google_boost": 0.0,
      "final_confidence": 72.33333333333333,
      "best_contact_info": {
        "email_patterns": [],
        "linkedin_url": "https://linkedin.com/in/brian-kursar",
        "source": "pattern_generation"
      },
      "cost": 0.0,
      "decision": "Free agents sufficient (saved $0.0050)"
    },
    {
      "contact": {
        "first_name": "Allyson",
        "last_name": "O'Brien",
        "organization": "DARPA",
        "role_title": "Program Manager - QuANET",
        "context": "Manages DARPA's quantum-augmented network program integrating quantum and classical communications for secure infrastructure."
      },
      "agent_results": [
        {
          "agent": "ProfessionalNetworker",
          "confidence": 72,
          "contact_info": {
            "email_patterns": [],
            "linkedin_url": "https://linkedin.com/in/allyson-o'brien",
            "source": "pattern_generation"
          },
          "weight": 1.0,
          "tier": "baseline"
        },
        {
          "agent": "AcademicResearcher",
          "confidence": 0,
          "contact_info": {
            "source": "not_applicable"
          },
          "weight": 0.0,
          "tier": "specialist"
        },
        {
          "agent": "IntelAnalyst",
          "confidence": 0,
          "contact_info": {
            "source": "not_public_company"
          },
          "weight": 0.0,
          "tier": "specialist"
        },
        {
          "agent": "InvestigativeJournalist",
          "confidence": 91,
          "contact_info": {
            "found_in": "conference_speaker_pdf",
            "direct_email": "Allyson.O'Brien@example.com",
            "source": "pdf_mining",
            "note": "Found in archived conference materials"
          },
          "weight": 2.0,
          "tier": "exploratory"
        },
        {
          "agent": "RecruiterUser",
          "confidence": 29,
          "contact_info": {
            "source": "no_tech_community_presence"
          },
          "weight": 0.0,
          "tier": "exploratory"
        },
        {
          "agent": "SocialEngineer",
          "confidence": 56,
          "contact_info": {
            "department_email": "program@",
            "general_contact": "info@",
            "source": "organizational_intelligence",
            "note": "Alternative contact paths identified"
          },
          "weight": 0.5,
          "tier": "exploratory"
        }
      ],
      "weighted_confidence": 80.57142857142857,
      "google_invoked": false,
      "google_boost": 0.0,
      "final_confidence": 80.57142857142857,
      "best_contact_info": {
        "found_in": "conference_speaker_pdf",
        "direct_email": "Allyson.O'Brien@example.com",
        "source": "pdf_mining",
        "note": "Found in archived conference materials"
      },
      "cost": 0.0,
      "decision": "Free agents sufficient (saved $0.0050)"
    },
    {
      "contact": {
        "first_name": "Daniel",
        "last_name": "Danker",
        "organization": "Walmart",
        "role_title": "EVP AI Acceleration Product and Design",
        "context": "Leading AI transformation across 2.1M employee enterprise that needs robust coordination infrastructure for AI-driven retail innovation at massive scale."
      },
      "agent_results": [
        {
          "agent": "ProfessionalNetworker",
          "confidence": 66,
          "contact_info": {
            "email_patterns": [],
            "linkedin_url": "https://linkedin.com/in/daniel-danker",
            "source": "pattern_generation"
          },
          "weight": 1.0,
          "tier": "baseline"
        },
        {
          "agent": "AcademicResearcher",
          "confidence": 0,
          "contact_info": {
            "source": "not_applicable"
          },
          "weight": 0.0,
          "tier": "specialist"
        },
        {
          "agent": "IntelAnalyst",
          "confidence": 0,
          "contact_info": {
            "source": "not_public_company"
          },
          "weight": 0.0,
          "tier": "specialist"
        },
        {
          "agent": "InvestigativeJournalist",
          "confidence": 37,
          "contact_info": {
            "source": "no_hidden_contacts_found"
          },
          "weight": 0.0,
          "tier": "exploratory"
        },
        {
          "agent": "RecruiterUser",
          "confidence": 32,
          "contact_info": {
            "source": "no_tech_community_presence"
          },
          "weight": 0.0,
          "tier": "exploratory"
        },
        {
          "agent": "SocialEngineer",
          "confidence": 67,
          "contact_info": {
            "department_email": "evp@",
            "general_contact": "info@",
            "source": "organizational_intelligence",
            "note": "Alternative contact paths identified"
          },
          "weight": 0.5,
          "tier": "exploratory"
        }
      ],
      "weighted_confidence": 66.33333333333333,
      "google_invoked": false,
      "google_boost": 0.0,
      "final_confidence": 66.33333333333333,
      "best_contact_info": {
        "department_email": "evp@",
        "general_contact": "info@",
        "source": "organizational_intelligence",
        "note": "Alternative contact paths identified"
      },
      "cost": 0.0,
      "decision": "Free agents sufficient (saved $0.0050)"
    },
    {
      "contact": {
        "first_name": "Dror",
        "last_name": "Berman",
        "organization": "Innovation Endeavors",
        "role_title": "Founder & Managing Partner",
        "context": "Led investments in Atom Computing (quantum) and backs founders leveraging data and compute for exponential change."
      },
      "agent_results": [
        {
          "agent": "ProfessionalNetworker",
          "confidence": 76,
          "contact_info": {
            "email_patterns": [],
            "linkedin_url": "https://linkedin.com/in/dror-berman",
            "source": "pattern_generation"
          },
          "weight": 1.0,
          "tier": "baseline"
        },
        {
          "agent": "AcademicResearcher",
          "confidence": 0,
          "contact_info": {
            "source": "not_applicable"
          },
          "weight": 0.0,
          "tier": "specialist"
        },
        {
          "agent": "IntelAnalyst",
          "confidence": 0,
          "contact_info": {
            "source": "not_public_company"
          },
          "weight": 0.0,
          "tier": "specialist"
        },
        {
          "agent": "InvestigativeJournalist",
          "confidence": 44,
          "contact_info": {
            "source": "no_hidden_contacts_found"
          },
          "weight": 0.0,
          "tier": "exploratory"
        },
        {
          "agent": "RecruiterUser",
          "confidence": 32,
          "contact_info": {
            "source": "no_tech_community_presence"
          },
          "weight": 0.0,
          "tier": "exploratory"
        },
        {
          "agent": "SocialEngineer",
          "confidence": 61,
          "contact_info": {
            "department_email": "founder@",
            "general_contact": "info@",
            "source": "organizational_intelligence",
            "note": "Alternative contact paths identified"
          },
          "weight": 0.5,
          "tier": "exploratory"
        }
      ],
      "weighted_confidence": 71.0,
      "google_invoked": false,
      "google_boost": 0.0,
      "final_confidence": 71.0,
      "best_contact_info": {
        "email_patterns": [],
        "linkedin_url": "https://linkedin.com/in/dror-berman",
        "source": "pattern_generation"
      },
      "cost": 0.0,
      "decision": "Free agents sufficient (saved $0.0050)"
    },
    {
      "contact": {
        "first_name": "Rajeeb",
        "last_name": "Hazra",
        "organization": "Quantinuum",
        "role_title": "CEO",
        "context": "CEO of leading quantum company working on quantum networking applications needing coordination infrastructure for hybrid quantum-classical systems."
      },
      "agent_results": [
        {
          "agent": "ProfessionalNetworker",
          "confidence": 65,
          "contact_info": {
            "email_patterns": [],
            "linkedin_url": "https://linkedin.com/in/rajeeb-hazra",
            "source": "pattern_generation"
          },
          "weight": 1.0,
          "tier": "baseline"
        },
        {
          "agent": "AcademicResearcher",
          "confidence": 0,
          "contact_info": {
            "source": "not_applicable"
          },
          "weight": 0.0,
          "tier": "specialist"
        },
        {
          "agent": "IntelAnalyst",
          "confidence": 0,
          "contact_info": {
            "source": "not_public_company"
          },
          "weight": 0.0,
          "tier": "specialist"
        },
        {
          "agent": "InvestigativeJournalist",
          "confidence": 40,
          "contact_info": {
            "source": "no_hidden_contacts_found"
          },
          "weight": 0.0,
          "tier": "exploratory"
        },
        {
          "agent": "RecruiterUser",
          "confidence": 32,
          "contact_info": {
            "source": "no_tech_community_presence"
          },
          "weight": 0.0,
          "tier": "exploratory"
        },
        {
          "agent": "SocialEngineer",
          "confidence": 57,
          "contact_info": {
            "department_email": "ceo@",
            "general_contact": "info@",
            "source": "organizational_intelligence",
            "note": "Alternative contact paths identified"
          },
          "weight": 0.5,
          "tier": "exploratory"
        }
      ],
      "weighted_confidence": 62.333333333333336,
      "google_invoked": false,
      "google_boost": 0.0,
      "final_confidence": 62.333333333333336,
      "best_contact_info": {
        "email_patterns": [],
        "linkedin_url": "https://linkedin.com/in/rajeeb-hazra",
        "source": "pattern_generation"
      },
      "cost": 0.0,
      "decision": "Free agents sufficient (saved $0.0050)"
    },
    {
      "contact": {
        "first_name": "Lisa",
        "last_name": "Einstein",
        "organization": "CISA",
        "role_title": "Chief Artificial Intelligence Officer",
        "context": "Leads AI security for critical infrastructure where quantum-AI convergence poses emerging coordination challenges."
      },
      "agent_results": [
        {
          "agent": "ProfessionalNetworker",
          "confidence": 74,
          "contact_info": {
            "email_patterns": [],
            "linkedin_url": "https://linkedin.com/in/lisa-einstein",
            "source": "pattern_generation"
          },
          "weight": 1.0,
          "tier": "baseline"
        },
        {
          "agent": "AcademicResearcher",
          "confidence": 0,
          "contact_info": {
            "source": "not_applicable"
          },
          "weight": 0.0,
          "tier": "specialist"
        },
        {
          "agent": "IntelAnalyst",
          "confidence": 0,
          "contact_info": {
            "source": "not_public_company"
          },
          "weight": 0.0,
          "tier": "specialist"
        },
        {
          "agent": "InvestigativeJournalist",
          "confidence": 39,
          "contact_info": {
            "source": "no_hidden_contacts_found"
          },
          "weight": 0.0,
          "tier": "exploratory"
        },
        {
          "agent": "RecruiterUser",
          "confidence": 29,
          "contact_info": {
            "source": "no_tech_community_presence"
          },
          "weight": 0.0,
          "tier": "exploratory"
        },
        {
          "agent": "SocialEngineer",
          "confidence": 54,
          "contact_info": {
            "department_email": "chief@",
            "general_contact": "info@",
            "source": "organizational_intelligence",
            "note": "Alternative contact paths identified"
          },
          "weight": 0.5,
          "tier": "exploratory"
        }
      ],
      "weighted_confidence": 67.33333333333333,
      "google_invoked": false,
      "google_boost": 0.0,
      "final_confidence": 67.33333333333333,
      "best_contact_info": {
        "email_patterns": [],
        "linkedin_url": "https://linkedin.com/in/lisa-einstein",
        "source": "pattern_generation"
      },
      "cost": 0.0,
      "decision": "Free agents sufficient (saved $0.0050)"
    }
  ]
}