{
  "batch_id": "batch_005",
  "timestamp": "2025-10-31T23:04:38.376802",
  "worktree": null,
  "contacts_processed": 4,
  "contacts_found": 4,
  "total_cost": 0.0,
  "agent_performance": {
    "ProfessionalNetworker": {
      "attempts": 4,
      "successes": 4,
      "total_confidence": 314.0
    },
    "AcademicResearcher": {
      "attempts": 4,
      "successes": 0,
      "total_confidence": 0.0
    },
    "IntelAnalyst": {
      "attempts": 4,
      "successes": 0,
      "total_confidence": 0.0
    },
    "InvestigativeJournalist": {
      "attempts": 4,
      "successes": 0,
      "total_confidence": 162.0
    },
    "RecruiterUser": {
      "attempts": 4,
      "successes": 1,
      "total_confidence": 183.0
    },
    "SocialEngineer": {
      "attempts": 4,
      "successes": 2,
      "total_confidence": 270.0
    }
  },
  "results": [
    {
      "contact": {
        "first_name": "Stephen",
        "last_name": "Burt",
        "organization": "Treasury Board of Canada Secretariat",
        "role_title": "Chief Data Officer of Canada",
        "context": "Leads Canada's federal AI strategy and data governance frameworks needed for quantum-AI systems integration."
      },
      "agent_results": [
        {
          "agent": "ProfessionalNetworker",
          "confidence": 79,
          "contact_info": {
            "email_patterns": [],
            "linkedin_url": "https://linkedin.com/in/stephen-burt",
            "source": "pattern_generation"
          },
          "weight": 1.0,
          "tier": "baseline"
        },
        {
          "agent": "AcademicResearcher",
          "confidence": 0,
          "contact_info": {
            "source": "not_applicable"
          },
          "weight": 0.0,
          "tier": "specialist"
        },
        {
          "agent": "IntelAnalyst",
          "confidence": 0,
          "contact_info": {
            "source": "not_public_company"
          },
          "weight": 0.0,
          "tier": "specialist"
        },
        {
          "agent": "InvestigativeJournalist",
          "confidence": 42,
          "contact_info": {
            "source": "no_hidden_contacts_found"
          },
          "weight": 0.0,
          "tier": "exploratory"
        },
        {
          "agent": "RecruiterUser",
          "confidence": 35,
          "contact_info": {
            "source": "no_tech_community_presence"
          },
          "weight": 0.0,
          "tier": "exploratory"
        },
        {
          "agent": "SocialEngineer",
          "confidence": 74,
          "contact_info": {
            "department_email": "chief@",
            "general_contact": "info@",
            "source": "organizational_intelligence",
            "note": "Alternative contact paths identified"
          },
          "weight": 1.2,
          "tier": "exploratory"
        }
      ],
      "weighted_confidence": 76.27272727272727,
      "google_invoked": false,
      "google_boost": 0.0,
      "final_confidence": 76.27272727272727,
      "best_contact_info": {
        "email_patterns": [],
        "linkedin_url": "https://linkedin.com/in/stephen-burt",
        "source": "pattern_generation"
      },
      "cost": 0.0,
      "decision": "Free agents sufficient (saved $0.0050)"
    },
    {
      "contact": {
        "first_name": "Lucy",
        "last_name": "Poole",
        "organization": "Australian Digital Transformation Agency",
        "role_title": "Deputy CEO - Digital Strategy Policy and Performance",
        "context": "Champions Australia's AI assurance framework and responsible AI adoption critical for quantum technology convergence."
      },
      "agent_results": [
        {
          "agent": "ProfessionalNetworker",
          "confidence": 80,
          "contact_info": {
            "email_patterns": [],
            "linkedin_url": "https://linkedin.com/in/lucy-poole",
            "source": "pattern_generation"
          },
          "weight": 1.0,
          "tier": "baseline"
        },
        {
          "agent": "AcademicResearcher",
          "confidence": 0,
          "contact_info": {
            "source": "not_applicable"
          },
          "weight": 0.0,
          "tier": "specialist"
        },
        {
          "agent": "IntelAnalyst",
          "confidence": 0,
          "contact_info": {
            "source": "not_public_company"
          },
          "weight": 0.0,
          "tier": "specialist"
        },
        {
          "agent": "InvestigativeJournalist",
          "confidence": 42,
          "contact_info": {
            "source": "no_hidden_contacts_found"
          },
          "weight": 0.0,
          "tier": "exploratory"
        },
        {
          "agent": "RecruiterUser",
          "confidence": 30,
          "contact_info": {
            "source": "no_tech_community_presence"
          },
          "weight": 0.0,
          "tier": "exploratory"
        },
        {
          "agent": "SocialEngineer",
          "confidence": 56,
          "contact_info": {
            "department_email": "deputy@",
            "general_contact": "info@",
            "source": "organizational_intelligence",
            "note": "Alternative contact paths identified"
          },
          "weight": 0.5,
          "tier": "exploratory"
        }
      ],
      "weighted_confidence": 72.0,
      "google_invoked": false,
      "google_boost": 0.0,
      "final_confidence": 72.0,
      "best_contact_info": {
        "email_patterns": [],
        "linkedin_url": "https://linkedin.com/in/lucy-poole",
        "source": "pattern_generation"
      },
      "cost": 0.0,
      "decision": "Free agents sufficient (saved $0.0050)"
    },
    {
      "contact": {
        "first_name": "Simon",
        "last_name": "Knowles",
        "organization": "Graphcore",
        "role_title": "Co-Founder & CTO",
        "context": "Architect of IPU systems designed for intelligence workloads that will benefit from quantum-AI coordination frameworks."
      },
      "agent_results": [
        {
          "agent": "ProfessionalNetworker",
          "confidence": 77,
          "contact_info": {
            "email_patterns": [],
            "linkedin_url": "https://linkedin.com/in/simon-knowles",
            "source": "pattern_generation"
          },
          "weight": 1.0,
          "tier": "baseline"
        },
        {
          "agent": "AcademicResearcher",
          "confidence": 0,
          "contact_info": {
            "source": "not_applicable"
          },
          "weight": 0.0,
          "tier": "specialist"
        },
        {
          "agent": "IntelAnalyst",
          "confidence": 0,
          "contact_info": {
            "source": "not_public_company"
          },
          "weight": 0.0,
          "tier": "specialist"
        },
        {
          "agent": "InvestigativeJournalist",
          "confidence": 38,
          "contact_info": {
            "source": "no_hidden_contacts_found"
          },
          "weight": 0.0,
          "tier": "exploratory"
        },
        {
          "agent": "RecruiterUser",
          "confidence": 34,
          "contact_info": {
            "source": "no_tech_community_presence"
          },
          "weight": 0.0,
          "tier": "exploratory"
        },
        {
          "agent": "SocialEngineer",
          "confidence": 65,
          "contact_info": {
            "department_email": "co-founder@",
            "general_contact": "info@",
            "source": "organizational_intelligence",
            "note": "Alternative contact paths identified"
          },
          "weight": 0.5,
          "tier": "exploratory"
        }
      ],
      "weighted_confidence": 73.0,
      "google_invoked": false,
      "google_boost": 0.0,
      "final_confidence": 73.0,
      "best_contact_info": {
        "email_patterns": [],
        "linkedin_url": "https://linkedin.com/in/simon-knowles",
        "source": "pattern_generation"
      },
      "cost": 0.0,
      "decision": "Free agents sufficient (saved $0.0050)"
    },
    {
      "contact": {
        "first_name": "Kunle",
        "last_name": "Olukotun",
        "organization": "SambaNova Systems",
        "role_title": "Co-Founder & CTO",
        "context": "Pioneer in multicore processing and AI acceleration who needs infrastructure to coordinate increasingly complex AI compute systems."
      },
      "agent_results": [
        {
          "agent": "ProfessionalNetworker",
          "confidence": 78,
          "contact_info": {
            "email_patterns": [],
            "linkedin_url": "https://linkedin.com/in/kunle-olukotun",
            "source": "pattern_generation"
          },
          "weight": 1.0,
          "tier": "baseline"
        },
        {
          "agent": "AcademicResearcher",
          "confidence": 0,
          "contact_info": {
            "source": "not_applicable"
          },
          "weight": 0.0,
          "tier": "specialist"
        },
        {
          "agent": "IntelAnalyst",
          "confidence": 0,
          "contact_info": {
            "source": "not_public_company"
          },
          "weight": 0.0,
          "tier": "specialist"
        },
        {
          "agent": "InvestigativeJournalist",
          "confidence": 40,
          "contact_info": {
            "source": "no_hidden_contacts_found"
          },
          "weight": 0.0,
          "tier": "exploratory"
        },
        {
          "agent": "RecruiterUser",
          "confidence": 84,
          "contact_info": {
            "github": "https://github.com/KunleO",
            "stackoverflow": "https://stackoverflow.com/users/Kunle",
            "source": "tech_community"
          },
          "weight": 1.3,
          "tier": "exploratory"
        },
        {
          "agent": "SocialEngineer",
          "confidence": 75,
          "contact_info": {
            "department_email": "co-founder@",
            "general_contact": "info@",
            "source": "organizational_intelligence",
            "note": "Alternative contact paths identified"
          },
          "weight": 1.2,
          "tier": "exploratory"
        }
      ],
      "weighted_confidence": 79.2,
      "google_invoked": false,
      "google_boost": 0.0,
      "final_confidence": 79.2,
      "best_contact_info": {
        "github": "https://github.com/KunleO",
        "stackoverflow": "https://stackoverflow.com/users/Kunle",
        "source": "tech_community"
      },
      "cost": 0.0,
      "decision": "Free agents sufficient (saved $0.0050)"
    }
  ]
}