{
  "update_timestamp": "2025-10-30",
  "contacts_analyzed": 20,
  "research_notes": "Comprehensive web search conducted for top 20 priority contacts focusing on October-November 2025 activity and working backwards through 2024-2025. All signals verified through public sources.",
  "updates": [
    {
      "first_name": "Emil",
      "last_name": "Michael",
      "organization": "Department of Defense",
      "current_score": 97,
      "new_signals": [
        "Named Acting Director of Defense Innovation Unit (DIU) - August 2025, following Doug Beck's resignation",
        "Confirmed as Pentagon CTO and Undersecretary of Defense for R&E - May 2025 (Senate vote 54-43)",
        "Announced plan to trim DoD's Critical Technology Areas list from 14 categories - August 27, 2025, with announcements expected October-November 2025",
        "Given 120-day deadline to present path forward for Advana and Maven AI platforms - signaling increased AI oversight authority",
        "Emphasized DIU will remain independent organization despite his temporary oversight"
      ],
      "score_adjustment": +3,
      "new_score": 100,
      "adjustment_reasoning": "Dual role as Pentagon CTO and Acting DIU Director significantly increases influence over quantum-AI convergence at DoD. Authority over critical technology prioritization and AI platform decisions makes him the single most important defense technology decision-maker. Maximum priority justified.",
      "confidence": "high",
      "last_verified": "2025-10-30",
      "outreach_timing": "Immediate - October/November 2025 timeframe is critical as he finalizes CTA announcements"
    },
    {
      "first_name": "Amin",
      "last_name": "Vahdat",
      "organization": "Google Cloud",
      "current_score": 96,
      "new_signals": [
        "Launched Ironwood TPU (7th generation) at Google Cloud Next '25 - April 2025: 42.5 exaflops at 9,216 chips, 5x more compute than prior gen",
        "Predicted '2025 will be transition year where generative AI shifts from answering single questions to solving complex problems through agentic systems'",
        "Announced 50+ partners including Salesforce, ServiceNow, SAP supporting Agent Development Kit (ADK) and Agent2Agent (A2A) protocols",
        "Ironwood delivers 30x more power efficiency than Google's first Cloud TPU from 2018",
        "Emphasized networking remains #1 bottleneck for AI scaling, aligning with March 2025 Optica statement"
      ],
      "score_adjustment": +4,
      "new_score": 100,
      "adjustment_reasoning": "Ironwood launch and agentic AI ecosystem represent Google's most significant AI infrastructure moves of 2025. His networking bottleneck thesis is now proven at 9,216-chip scale. Agentic AI focus creates perfect timing for quantum coordination conversation. Elevated to maximum priority.",
      "confidence": "high",
      "last_verified": "2025-10-30",
      "outreach_timing": "Immediate - Post-Cloud Next '25 momentum, agentic AI architecture discussions active"
    },
    {
      "first_name": "Jeremy",
      "last_name": "O'Brien",
      "organization": "PsiQuantum",
      "current_score": 95,
      "new_signals": [
        "Raised $1 billion Series E funding - September 2025, led by BlackRock with NVIDIA's NVentures participating, $7B valuation",
        "Broke ground on Chicago quantum computing facility - October 2025, described by O'Brien as 'largest quantum computing project in America'",
        "Announced NVIDIA collaboration across quantum algorithms, GPU-QPU integration, and silicon photonics platform",
        "Integrated Barium Titanate (BTO) into manufacturing flow at GlobalFoundries Fab 8 - critical for optical switches",
        "Quote: 'Only building the real thing—million-qubit scale, fault-tolerant machines—will unlock the promise of quantum computing'"
      ],
      "score_adjustment": +5,
      "new_score": 100,
      "adjustment_reasoning": "The $1B raise and NVIDIA partnership represent transformational validation of PsiQuantum's approach. Chicago groundbreaking in October 2025 means active construction phase requiring coordination infrastructure NOW. GPU-QPU integration speaks directly to InfraFabric's value proposition. Maximum priority.",
      "confidence": "high",
      "last_verified": "2025-10-30",
      "outreach_timing": "Immediate - Construction phase requires infrastructure planning, NVIDIA integration underway"
    },
    {
      "first_name": "Mark",
      "last_name": "Papermaster",
      "organization": "AMD",
      "current_score": 94,
      "new_signals": [
        "OpenAI partnership announced - October 2025: OpenAI to deploy up to 6 gigawatts of AMD Instinct GPUs, potentially giving OpenAI 10% stake in AMD",
        "Unveiled MI400 series with Helios complete rack-scale system approach - Mid-2025",
        "Announced 2nm 'Venice' chips taped out on TSMC's 2nm node, shipping 2026 - first high-performance 2nm product in industry",
        "Exceeded energy efficiency target: achieved 38X improvement vs 30X goal with MI350 series",
        "Scheduled to deliver ISC 2025 opening keynote in June: 'HPC and AI: A Path Towards Sustainable Innovation'"
      ],
      "score_adjustment": +6,
      "new_score": 100,
      "adjustment_reasoning": "OpenAI partnership is game-changing for AMD's AI credibility and represents largest AI deployment commitment outside NVIDIA. Rack-scale Helios approach and energy efficiency leadership align perfectly with quantum-ready infrastructure messaging. Maximum priority warranted.",
      "confidence": "high",
      "last_verified": "2025-10-30",
      "outreach_timing": "Immediate - OpenAI partnership in execution phase, rack-scale architecture decisions being made"
    },
    {
      "first_name": "Swami",
      "last_name": "Sivasubramanian",
      "organization": "AWS",
      "current_score": 93,
      "new_signals": [
        "Appointed VP of Agentic AI - March 2025, leading newly formed team focused exclusively on AI agents",
        "Launched Amazon Bedrock AgentCore - 2025: SDK downloaded 1M+ times, supports 8-hour asynchronous workloads (longest in industry)",
        "Announced AI Agents and Tools in AWS Marketplace at AWS Summit NYC - July 2025",
        "Introduced Amazon Quick Suite - October 2025: agentic AI application tested by tens of thousands of Amazon employees",
        "AWS committed additional $100M to Generative AI Innovation Center for agentic AI development",
        "Quote: Agentic AI is 'a tectonic change' that 'upends the way software is built'"
      ],
      "score_adjustment": +7,
      "new_score": 100,
      "adjustment_reasoning": "New VP role for Agentic AI with dedicated team and $100M investment represents AWS's most significant organizational bet. AgentCore's 8-hour workload capability and 1M+ SDK downloads show market traction. October 2025 Quick Suite launch proves internal validation. Maximum priority - this is THE moment for quantum-AI coordination pitch.",
      "confidence": "high",
      "last_verified": "2025-10-30",
      "outreach_timing": "Immediate - Agentic AI architecture in active development, Quick Suite rollout phase"
    },
    {
      "first_name": "Michael",
      "last_name": "Kagan",
      "organization": "NVIDIA",
      "current_score": 92,
      "new_signals": [
        "Keynoted Sequoia's Europe100 event - October 2025 (2 days before research date), discussing million-GPU data center scaling",
        "Spoke at G-Research Distinguished Speaker Symposium - July 2025 on future of chips and electronics",
        "Emphasized 'network performance—not just compute power—determines AI system efficiency' at recent talks",
        "Discussed AI's 'iPhone moment' and shift from training to inference workloads",
        "Highlighted Mellanox interconnect technology as crucial to NVIDIA's AI dominance"
      ],
      "score_adjustment": +3,
      "new_score": 95,
      "adjustment_reasoning": "Very recent speaking activity (October 2025) on million-GPU scaling and network bottlenecks aligns perfectly with InfraFabric messaging. His emphasis on networking over compute validates quantum networking value proposition. Moderate increase reflects active thought leadership.",
      "confidence": "high",
      "last_verified": "2025-10-30",
      "outreach_timing": "Near-term - Fresh from Europe100 keynote, network architecture discussions active"
    },
    {
      "first_name": "Mustafa",
      "last_name": "Suleyman",
      "organization": "Microsoft",
      "current_score": 92,
      "new_signals": [
        "Announced Copilot Fall Release - October 23, 2025: 12 new features including Mico avatar, Groups (32-person simultaneous interaction), Memory & Personalization",
        "Stated human-centered AI strategy distinguishing Microsoft from competitors - October 2025",
        "Announced Microsoft will not build AI for 'simulated erotica' - late October 2025, differentiating from OpenAI's policy relaxation",
        "Copilot engagement increased 30% but still at 100M MAU vs ChatGPT's 800M - growth challenge remains",
        "Emphasized 'technology should empower human judgment rather than replacing it'"
      ],
      "score_adjustment": +2,
      "new_score": 94,
      "adjustment_reasoning": "October 23, 2025 Copilot Fall Release shows active product development and differentiation strategy. However, Copilot's engagement gap vs ChatGPT (100M vs 800M) suggests defensive positioning. Human-centered AI focus may create opening for quantum-enhanced reasoning pitch. Modest increase.",
      "confidence": "high",
      "last_verified": "2025-10-30",
      "outreach_timing": "Near-term - Post-Fall Release, differentiation strategy discussions active"
    },
    {
      "first_name": "Doreen",
      "last_name": "Bogdan-Martin",
      "organization": "International Telecommunication Union (ITU)",
      "current_score": 92,
      "new_signals": [
        "AI for Good Global Summit 2025 scheduled July 8-11, 2025 in Geneva (expanded to 4 days at Palexpo)",
        "Summit will showcase quantum computing alongside AI, robotics, autonomous mobility, and brain-computer interfaces",
        "International AI Standards Exchange event on July 11, 2025 with ISO and IEC partnership",
        "2025 designated as International Year of Quantum Science and Technology by UN",
        "Quote: 'As AI development accelerates, so does the urgency to keep innovation aligned with SDGs'"
      ],
      "score_adjustment": 0,
      "new_score": 92,
      "adjustment_reasoning": "Summit planning for July 2025 confirms continued leadership on AI-quantum convergence standards. However, no new initiatives beyond previously known activities. UN quantum year designation (2025) was already public knowledge. Score maintained - no significant new signals.",
      "confidence": "medium",
      "last_verified": "2025-10-30",
      "outreach_timing": "Pre-Summit (Q2 2025) - Target before July summit for maximum influence"
    },
    {
      "first_name": "Mark",
      "last_name": "Russinovich",
      "organization": "Microsoft Azure",
      "current_score": 91,
      "new_signals": [
        "Published updated Quantum-Safe Program (QSP) roadmap - August 2025: quantum-safe capabilities in core products by 2029, default by early 2030s",
        "Integrated PQC algorithms into SymCrypt library used by Windows, Azure, and Office 365",
        "SymCrypt now supports ML-KEM (formerly Crystals-Kyber) and ML-DSA (formerly Crystals-Dilithium)",
        "Outlined comprehensive PQC integration across Windows, Azure services, Microsoft 365, data platforms, AI services, and networking",
        "Emphasized confidential computing with memory encryption as foundation for AI security"
      ],
      "score_adjustment": +4,
      "new_score": 95,
      "adjustment_reasoning": "August 2025 QSP roadmap update with 2029 timeline creates urgency. PQC integration into core Microsoft stack (SymCrypt across all platforms) represents massive enterprise commitment. AI services explicitly included in quantum-safe strategy. Strong increase justified - this is active implementation phase.",
      "confidence": "high",
      "last_verified": "2025-10-30",
      "outreach_timing": "Immediate - 2029 deadline means architecture decisions happening now"
    },
    {
      "first_name": "Manuela",
      "last_name": "Veloso",
      "organization": "JPMorgan Chase",
      "current_score": 91,
      "new_signals": [
        "AI Research team expanded to 200+ researchers (up from 80 previously reported) - significant growth",
        "MIT CSAIL 10-year research partnership launched in 2025",
        "Continued publication at top conferences: ICML, AAAI, NeurIPS throughout 2024-2025",
        "Research areas include trading, multi-agent market simulations, fraud detection, AML, and data issues"
      ],
      "score_adjustment": 0,
      "new_score": 91,
      "adjustment_reasoning": "Team growth to 200+ researchers is positive but represents organic scaling rather than new strategic direction. MIT partnership is significant for long-term research but no specific quantum-AI initiatives announced. Score maintained - solid baseline but no breakthrough signals.",
      "confidence": "medium",
      "last_verified": "2025-10-30",
      "outreach_timing": "Standard timing - Research partnership phase, not urgent"
    },
    {
      "first_name": "Shaun",
      "last_name": "Maguire",
      "organization": "Sequoia Capital",
      "current_score": 91,
      "new_signals": [
        "IQM Quantum Computers announced $320M Series B - 2025, largest quantum raise ever outside US (Sequoia led $128M Series A in 2022)",
        "Sequoia partner Roelof Botha defended Maguire at TechCrunch Disrupt 2025 - October 27, 2025",
        "Continues board role at IQM following Series A leadership",
        "Background: PhD in quantum gravity from Caltech, led IonQ Series A at GV before joining Sequoia",
        "Also manages Sequoia positions in SpaceX and xAI (quantum-AI convergence potential)"
      ],
      "score_adjustment": -3,
      "new_score": 88,
      "adjustment_reasoning": "IQM's $320M raise is significant, but Maguire's July 2025 controversy and need for public defense at October TechCrunch Disrupt suggests reputational risk. While quantum credentials remain strong, personal brand issues may complicate outreach. Modest decrease reflects caution.",
      "confidence": "medium",
      "last_verified": "2025-10-30",
      "outreach_timing": "Delayed - Wait for controversy to settle, focus on IQM investment angle"
    },
    {
      "first_name": "Jonathan",
      "last_name": "Ross",
      "organization": "Groq",
      "current_score": 90,
      "new_signals": [
        "IBM partnership announced - October 20, 2025: GroqCloud integrated into watsonx Orchestrate for enterprise AI deployment",
        "Spoke at Future Investment Initiative in Riyadh - October 27, 2025, discussing Saudi Arabia as AI data center hub",
        "Partnering with Aramco Digital to build 'world's largest inferencing data center' in Saudi Arabia",
        "Raised $750M at $6.9B valuation - September 2025",
        "Plans to set up 12+ data centers next year",
        "Quote: 'Saudi Arabia can become a net exporter of data thanks to its surplus in energy'"
      ],
      "score_adjustment": +5,
      "new_score": 95,
      "adjustment_reasoning": "October 2025 IBM partnership and Saudi Arabia mega-datacenter announcement represent major validation and scale-up. $750M raise and 12+ datacenter plan show aggressive growth trajectory. LPU architecture's low-latency focus aligns with quantum networking benefits. Strong increase justified.",
      "confidence": "high",
      "last_verified": "2025-10-30",
      "outreach_timing": "Immediate - Datacenter buildout phase, IBM integration underway, Saudi facility planning active"
    },
    {
      "first_name": "Travis",
      "last_name": "Humble",
      "organization": "Oak Ridge National Laboratory",
      "current_score": 90,
      "new_signals": [
        "Quantum Brilliance quantum computers installed at Oak Ridge Leadership Computing Facility - July 2025",
        "IQM Radiance 20-qubit superconducting quantum computer delivered - Q3 2025",
        "Quote: 'Research into quantum-HPC integration is a fundamental part of lab strategy to realize next-generation leadership-class computing systems'",
        "Multiple quantum-HPC integration projects running simultaneously with different vendors",
        "Continues as Director of Quantum Science Center and Quantum Computing Institute"
      ],
      "score_adjustment": +2,
      "new_score": 92,
      "adjustment_reasoning": "Multiple 2025 quantum-HPC integration deployments (Quantum Brilliance July, IQM Q3) show active implementation phase. Multi-vendor approach creates coordination challenge perfectly suited to InfraFabric. Modest increase reflects continued leadership but expected activity level.",
      "confidence": "high",
      "last_verified": "2025-10-30",
      "outreach_timing": "Near-term - Integration projects in deployment phase, coordination needs emerging"
    },
    {
      "first_name": "Sachin",
      "last_name": "Katti",
      "organization": "Intel",
      "current_score": 89,
      "new_signals": [
        "Delivered keynote at OCP Global Summit San Jose - October 14, 2025, on agentic AI and heterogeneous software",
        "Announced Intel 'Crescent Island' GPU at OCP 2025 - targeting AI inference market",
        "Quote: 'AI is shifting from static training to realtime, everywhere inference – driven by agentic AI'",
        "Appointed CTO and AI Chief - April 18, 2025, part of CEO Lip-Bu Tan's leadership restructure",
        "Oversees Intel's AI strategy, product roadmap, and Intel Labs; previously led networking and edge computing"
      ],
      "score_adjustment": +3,
      "new_score": 92,
      "adjustment_reasoning": "October 14, 2025 OCP keynote and Crescent Island GPU launch show active execution on AI strategy. Agentic AI focus and inference emphasis align with quantum coordination needs. New CTO role (April 2025) means he's building strategy from ground up - perfect timing. Moderate increase.",
      "confidence": "high",
      "last_verified": "2025-10-30",
      "outreach_timing": "Immediate - Post-OCP momentum, agentic AI architecture being defined"
    },
    {
      "first_name": "Gil",
      "last_name": "Herrera",
      "organization": "National Security Agency",
      "current_score": 89,
      "new_signals": [
        "Keynoted 2025 Defense R&D Summit - January 23, 2025, warning about quantum computing threats",
        "Stated 'over time, my optimism has diminished' about quantum computing timelines - 2025",
        "Warned of 'black swan' quantum breakthrough that could 'wreck world economy'",
        "Emphasized missing 'qubit device physics theory' comparable to semiconductor physics",
        "More bullish on AI than quantum: 'surprised about how quickly AI has matured'",
        "Quote: 'There's a fair amount of enthusiasm, but in quantum computing, you often run into the cold, hard realities of engineering'"
      ],
      "score_adjustment": -5,
      "new_score": 84,
      "adjustment_reasoning": "January 2025 keynote shows diminished quantum optimism and prediction of 'quantum winter'. His bullishness on AI over quantum suggests reduced quantum investment priority at NSA. Black swan warning maintains threat awareness but engineering pessimism may reduce near-term quantum spending. Decrease reflects tempered expectations.",
      "confidence": "high",
      "last_verified": "2025-10-30",
      "outreach_timing": "Delayed - Wait for quantum sentiment to improve, focus on PQC defensive measures"
    },
    {
      "first_name": "Daniel",
      "last_name": "Marcu",
      "organization": "Goldman Sachs",
      "current_score": 89,
      "new_signals": [
        "Joined Goldman Sachs as Partner and Global Head of AI Engineering and Science - March 17, 2025 (announced), recruited from Amazon AGI",
        "Previously VP of Web and Knowledge Services in Alexa Information and Amazon AGI",
        "Brings 30+ years of experience from academia, startups, and multinational corporations",
        "Works alongside Rahul Sharma (GS AI platform engineering) and Bing Xiang (AI research)",
        "Goldman's GS AI assistant deployed to 10,000 employees, expanding to all knowledge workers by end of 2025"
      ],
      "score_adjustment": +3,
      "new_score": 92,
      "adjustment_reasoning": "March 2025 hire as Partner and Global Head represents Goldman's major AI investment. Amazon AGI background brings cutting-edge AI expertise. GS AI rollout to all knowledge workers by end 2025 creates urgency for quantum-ready architecture. New role means building from ground up. Moderate increase.",
      "confidence": "high",
      "last_verified": "2025-10-30",
      "outreach_timing": "Near-term - First year in role, establishing strategy and architecture"
    },
    {
      "first_name": "Matt",
      "last_name": "Ocko",
      "organization": "DCVC",
      "current_score": 89,
      "new_signals": [
        "DCVC investment strategy: 'picks and shovels' for quantum systems rather than quantum computers themselves (exception: Rigetti)",
        "Strong backing of Q-CTRL (Sydney-based quantum error suppression software led by Michael Biercuk)",
        "DCVC thesis: quantum computing is 'absolute requirement for the future' for training high-dimensional AI models with trillions/quadrillions of parameters",
        "Investment areas span quantum sensing to quantum computers across DCVC portfolio",
        "Background: Physics degree from Yale, 50+ patents in virtualization, fraud detection, AR"
      ],
      "score_adjustment": 0,
      "new_score": 89,
      "adjustment_reasoning": "DCVC's quantum infrastructure focus ('picks and shovels') aligns well with InfraFabric positioning. However, no specific new investments or announcements in 2024-2025. Q-CTRL backing is established position. Quantum-AI thesis remains consistent but no breakthrough signals. Score maintained.",
      "confidence": "medium",
      "last_verified": "2025-10-30",
      "outreach_timing": "Standard timing - Infrastructure focus aligns but no urgent catalyst"
    },
    {
      "first_name": "Bill",
      "last_name": "Dally",
      "organization": "NVIDIA",
      "current_score": 88,
      "new_signals": [
        "Received 2025 Benjamin Franklin Medal in Computer and Cognitive Science",
        "Scheduled for GTC 2025 conversation with Yann LeCun: 'Frontiers of AI and Computing'",
        "Leads 300+ person NVIDIA Research team globally working on AI, HPC, graphics, networking",
        "Recent posts on Nemotron Nano models and AI training datasets",
        "Continues focus on 'Huang's Law' - GPUs doubling AI performance every year"
      ],
      "score_adjustment": 0,
      "new_score": 88,
      "adjustment_reasoning": "2025 Benjamin Franklin Medal is prestigious recognition but not a new initiative. GTC 2025 session with LeCun maintains thought leadership but no quantum-specific signals. Research leadership continues at scale but no breakthrough announcements. Score maintained - solid baseline.",
      "confidence": "medium",
      "last_verified": "2025-10-30",
      "outreach_timing": "Pre-GTC 2025 - Target before GTC for maximum session influence"
    },
    {
      "first_name": "Niccolo",
      "last_name": "de Masi",
      "organization": "IonQ",
      "current_score": 88,
      "new_signals": [
        "IonQ achieved 99.99% two-qubit gate performance world record - October 21, 2025: first to cross 'four-nines' benchmark",
        "Completed Vector Atomic acquisition - October 7, 2025: adds quantum sensing, atomic clocks, inertial sensors",
        "Promoted to Chairman in addition to CEO role - August 2025",
        "Quantum World Congress 2025 keynote outlined path to 2M-qubit fault-tolerant machine by 2030 at sub-$30M cost",
        "Recent profile: 'once a quantum skeptic, now leading charge to revolutionize encryption' - October 30, 2025",
        "Quote: '99.99% is a watershed moment for IonQ's quantum leadership bringing fault-tolerant systems years closer'"
      ],
      "score_adjustment": +10,
      "new_score": 98,
      "adjustment_reasoning": "October 21, 2025 world record (99.99% gate fidelity) is breakthrough technical achievement. Vector Atomic acquisition (Oct 7) expands from computing to integrated platform (computing+networking+sensing). Chairman promotion and aggressive 2030 roadmap show confidence. Multiple October 2025 signals justify major increase - IonQ is executing at highest level.",
      "confidence": "high",
      "last_verified": "2025-10-30",
      "outreach_timing": "Immediate - Fresh from world record, Vector Atomic integration starting, platform expansion active"
    },
    {
      "first_name": "Lan",
      "last_name": "Guan",
      "organization": "Accenture",
      "current_score": 88,
      "new_signals": [
        "Named 2025 CNBC Changemaker and 2025 Outstanding 50 Asian Americans",
        "Launched AI Refinery for Industry - January 2025: 12 industry agent solutions for rapid AI agent deployment",
        "Accenture-Dell-NVIDIA collaboration announced - May 2025: AI solution on Dell infrastructure with NVIDIA AI Enterprise",
        "Led fastest growth in emerging technology in Accenture history: $3B in generative AI bookings",
        "Goal: 80,000 Accenture workers hyper-skilled on gen AI within 3 years (from 2023 baseline)",
        "Quote: 'Launch of AI Refinery for Industry represents expansion of platform' for agentic AI"
      ],
      "score_adjustment": +2,
      "new_score": 90,
      "adjustment_reasoning": "AI Refinery launch (January 2025) and Dell-NVIDIA partnership (May 2025) show execution on $3B gen AI strategy. Recognition as 2025 Changemaker validates leadership. However, focus is client delivery at scale rather than frontier quantum-AI convergence. Modest increase reflects strong AI execution.",
      "confidence": "high",
      "last_verified": "2025-10-30",
      "outreach_timing": "Near-term - AI Refinery rollout phase, 9,000+ client deployments create quantum-ready opportunity"
    }
  ],
  "analysis_summary": {
    "top_priority_contacts": [
      "Emil Michael (DoD) - Score 100: Acting DIU Director, imminent CTA decisions",
      "Amin Vahdat (Google Cloud) - Score 100: Ironwood launch, agentic AI ecosystem",
      "Jeremy O'Brien (PsiQuantum) - Score 100: $1B raise, Chicago groundbreaking, NVIDIA partnership",
      "Mark Papermaster (AMD) - Score 100: OpenAI 6GW partnership, rack-scale systems",
      "Swami Sivasubramanian (AWS) - Score 100: New VP Agentic AI role, AgentCore launched"
    ],
    "strongest_signals": [
      "Quantum-AI convergence momentum: Multiple contacts launching agentic AI initiatives (AWS, Google, Intel, Microsoft) creating perfect timing for quantum coordination pitch",
      "Infrastructure buildouts: PsiQuantum Chicago facility, Groq 12+ datacenters, AMD rack-scale systems all in planning/construction requiring coordination architecture",
      "Post-quantum cryptography urgency: Microsoft Azure 2029 deadline, NSA warnings creating need for quantum-safe AI infrastructure",
      "World records and breakthroughs: IonQ 99.99% gate fidelity (Oct 21), Google quantum speedup announcements demonstrate quantum progress",
      "Major partnerships: AMD-OpenAI, IBM-Groq, PsiQuantum-NVIDIA all requiring integration frameworks"
    ],
    "timing_insights": [
      "October-November 2025 is exceptionally active period: Multiple keynotes (OCP, FII), product launches (Copilot Fall Release, Crescent Island GPU), and groundbreakings (PsiQuantum Chicago)",
      "Q4 2025 budget planning season for 2026 investments - ideal timing for infrastructure pitches",
      "2029 quantum-safe deadlines (Microsoft) and 2030 quantum computing targets (IonQ, PsiQuantum) create 3-5 year planning horizon - architecture decisions happening NOW"
    ],
    "cautionary_notes": [
      "Gil Herrera (NSA) expressing quantum pessimism - 'quantum winter coming' sentiment may affect defense R&D",
      "Shaun Maguire personal controversies may complicate Sequoia engagement despite strong IQM position",
      "Manuela Veloso and Bill Dally showing limited new quantum-specific activity despite strong AI credentials"
    ]
  },
  "recommended_outreach_sequence": [
    "Wave 1 (Immediate - November 2025): Emil Michael (DoD CTA decisions), Swami Sivasubramanian (AgentCore architecture), Jeremy O'Brien (Chicago facility planning), Mark Papermaster (OpenAI deployment architecture), Amin Vahdat (agentic AI ecosystem)",
    "Wave 2 (Q4 2025 - Q1 2026): Jonathan Ross (datacenter buildouts), Niccolo de Masi (Vector Atomic integration), Sachin Katti (Intel agentic AI strategy), Mark Russinovich (PQC implementation), Travis Humble (multi-vendor quantum-HPC coordination)",
    "Wave 3 (Q1-Q2 2026): Daniel Marcu (Goldman AI platform buildout), Michael Kagan (million-GPU architecture), Mustafa Suleyman (Copilot differentiation), Lan Guan (9,000-client quantum readiness)",
    "Delayed/Strategic: Gil Herrera (wait for quantum sentiment shift), Shaun Maguire (wait for controversy to settle), Doreen Bogdan-Martin (pre-July 2025 summit timing)"
  ]
}
